id,name,created_at
1,Gilles Ruddle,2023-05-18T06:26:36Z
2,Chariot Dutteridge,2022-12-13T13:20:31Z
3,Andreas Chipchase,2022-06-05T10:31:25Z
4,Gweneth Garforth,2022-03-06T22:33:06Z
5,Terese Dankov,2022-12-06T04:16:44Z
6,Katharyn Golson,2022-07-31T21:01:15Z
7,Cedric Dicken,2022-10-25T04:47:36Z
8,Kincaid Aris,2023-04-27T03:20:41Z
9,Rad Lambert,2023-01-18T05:13:15Z
10,Dana McLarnon,2022-02-18T22:50:53Z
11,Brooks Menier,2022-02-05T20:42:07Z
12,Salaidh Walas,2022-01-04T09:38:13Z
13,Rachael Liversedge,2022-02-09T16:29:04Z
14,Osbert Colcomb,2022-08-06T01:22:24Z
15,Christiano Gary,2023-03-08T15:08:28Z
16,Padraig Carlile,2022-11-09T15:36:50Z
17,Mendie Behnke,2022-07-16T07:33:42Z
18,Jobey MacCook,2023-04-06T13:39:04Z
19,Modestine Westmerland,2022-11-23T06:35:32Z
20,Carmine Mumm,2022-05-28T20:53:50Z
21,Kevina McMeekan,2023-02-13T08:36:33Z
22,Alvin Trodd,2022-12-20T08:09:01Z
23,Corrinne Frankiss,2023-02-13T16:05:17Z
24,Licha Brymner,2022-10-27T13:47:18Z
25,Orrin Sesser,2023-02-11T13:34:12Z
26,Flem Winsborrow,2022-05-22T00:09:18Z
27,Hildegaard Bowld,2023-04-05T16:40:12Z
28,Robbie Boath,2023-06-03T14:35:58Z
29,Dallas Luddy,2022-08-04T03:19:29Z
30,Bil Dimmack,2023-01-09T14:03:05Z
31,Clarissa Birdsey,2022-07-21T08:06:09Z
32,Joelle Dowsing,2022-11-07T00:00:41Z
33,Brucie Scarbarrow,2022-09-14T15:36:08Z
34,Kaylil Scrivner,2023-02-26T18:56:08Z
35,Dewain Irons,2022-09-28T21:58:45Z
36,Gustie Eastwood,2022-12-27T19:24:33Z
37,Mellisa Slowey,2023-06-03T04:49:34Z
38,Gilligan Althorp,2023-01-01T09:47:20Z
39,Tawnya Tackell,2022-12-04T05:31:44Z
40,Donetta Corden,2022-08-06T12:56:51Z
41,Dorelia Broadley,2022-06-19T17:25:22Z
42,Axel Ambrogiotti,2022-12-23T15:41:15Z
43,Eartha Grzeszczyk,2023-05-01T15:27:28Z
44,Annmaria Pointer,2022-06-08T15:37:43Z
45,Gabbie Heasley,2023-01-05T08:51:07Z
46,Iggie Van der Kruijs,2023-05-20T04:07:58Z
47,Marlyn Alwell,2022-03-04T19:00:49Z
48,Filippo McFade,2022-05-01T11:10:39Z
49,Niels Franzolini,2022-08-12T07:38:39Z
50,Sherlock Dunne,2023-05-02T07:23:12Z
51,Harmony Abrehart,2022-04-22T05:06:28Z
52,Charyl Drennan,2022-06-03T02:40:47Z
53,Tedi Wiggans,2022-07-21T19:18:41Z
54,Selena Capner,2023-04-29T01:23:39Z
55,Eileen Quirk,2022-10-26T01:07:08Z
56,Barbara Costell,2022-09-15T21:17:17Z
57,Jarred Garry,2023-01-19T09:51:37Z
58,Camella Abilowitz,2023-01-20T12:02:57Z
59,Lane Cracker,2022-04-20T10:14:55Z
60,Scotti Blanc,2022-03-11T03:29:08Z
61,Alika Druce,2022-07-09T21:21:16Z
62,Cami Beamish,2022-04-16T14:47:58Z
63,Gayel Vaugham,2023-05-05T09:27:09Z
64,Kathleen Tidbald,2022-06-11T19:50:55Z
65,Klemens Highwood,2022-09-06T14:06:50Z
66,Lowrance Ferrarotti,2022-03-04T04:30:09Z
67,Bess Cumpton,2022-09-06T17:31:25Z
68,Lon Hucklesby,2022-01-24T06:46:58Z
69,Aeriel O'Hartagan,2022-09-23T01:33:23Z
70,Rochella Arney,2022-04-16T05:31:58Z
71,Kathy Dodamead,2023-03-24T22:51:24Z
72,Beitris Paolo,2023-01-06T00:20:39Z
73,Lurlene Mosdell,2022-05-26T07:48:27Z
74,Gertrude Wilkison,2022-01-19T23:55:34Z
75,Norry Iowarch,2022-05-12T14:46:56Z
76,Phillida Ipsley,2023-02-15T10:26:17Z
77,Prent Parnham,2023-05-13T01:53:15Z
78,Ramona Spriddle,2023-01-10T22:39:15Z
79,Ianthe Fessler,2022-04-12T13:19:46Z
80,Alfy Dennehy,2023-05-16T05:04:33Z
81,Raphael Muncie,2022-07-20T15:08:18Z
82,Loella Colvin,2022-03-17T22:06:40Z
83,Dareen Skene,2022-01-24T08:39:25Z
84,Kaine Hartup,2022-07-28T16:04:35Z
85,Abby Marchment,2022-04-30T04:00:15Z
86,Ema Cestard,2022-05-09T10:36:46Z
87,Earlie Tice,2022-09-12T01:27:05Z
88,Sasha Mugleston,2022-04-23T00:31:39Z
89,Robb Nulty,2022-02-17T14:07:35Z
90,Binky Smidmoor,2022-12-20T19:33:27Z
91,Hube Caghy,2022-06-13T06:14:57Z
92,Annie Speare,2023-03-18T21:22:29Z
93,Ariana Jiggins,2023-03-23T22:43:17Z
94,Rosa Sciacovelli,2023-02-08T18:30:32Z
95,Ashil Meriton,2023-02-24T03:34:39Z
96,Daune Martill,2023-05-15T20:31:58Z
97,Abey Coope,2022-01-28T10:52:28Z
98,Val McCowen,2022-04-16T22:26:05Z
99,Annabell Farriar,2022-08-08T11:32:39Z
100,Rosabella Marklew,2022-07-10T04:36:17Z